S.No,Name,Class,Address,Phone,Source,Extracted At
1,"M/s.Madura Infrastructure I189.E Gandhi Nagar, Pollachi Main Road, Sundarapuram, Coimbatore - 24 99655 55443 ,",,"M/s.Madura Infrastructure I189.E Gandhi Nagar, Pollachi Main Road, Sundarapuram, Coimbatore - 24 99655 55443",,CCMC PDF,2025-09-12T09:59:18.574599
97885,11511,,11511,,CCMC PDF,2025-09-12T09:59:18.574634
2,"M/s.Vetri Constructions I71/2, Nataraj Nagar, Edayar palayam, Coimbatore - 641 030. 80125 88899,",,"M/s.Vetri Constructions I71/2, Nataraj Nagar, Edayar palayam, Coimbatore - 641 030. 80125 88899",,CCMC PDF,2025-09-12T09:59:18.574656
97504,53333,,53333,,CCMC PDF,2025-09-12T09:59:18.574666
3,"M/s.Sri Muthulakshmi & Co., I14, Kongu Nagar, Vadugapalayam road, Pollachi - 642 001 98422 72770,",,"M/s.Sri Muthulakshmi & Co., I14, Kongu Nagar, Vadugapalayam road, Pollachi - 642 001 98422 72770",,CCMC PDF,2025-09-12T09:59:18.574684
4,"M/s.S.K.M.S Constructions I7/84, Vinayagar Kovil Street, Kurumbapalayam road, Madukkarai Coimbatore - 641 1050 98945 96353",,"M/s.S.K.M.S Constructions I7/84, Vinayagar Kovil Street, Kurumbapalayam road, Madukkarai Coimbatore - 641 1050 98945 96353",,CCMC PDF,2025-09-12T09:59:18.574704
5,"Thiru.A.Ammasaiappan I4/90, SKS Illayam, Kurumbapalayam Road, Madukkarai ( Post) 94431 62567,",,"Thiru.A.Ammasaiappan I4/90, SKS Illayam, Kurumbapalayam Road, Madukkarai ( Post) 94431 62567",,CCMC PDF,2025-09-12T09:59:18.574720
6,"Thiru.R.Krishnasamy I15/156, Palakkad Main Road, Marapalam Madukkarai ( Post ), Coimbatore - 641 105 98422 22529 COIMBATORE CORPORATION",,"Thiru.R.Krishnasamy I15/156, Palakkad Main Road, Marapalam Madukkarai ( Post ), Coimbatore - 641 105 98422 22529 COIMBATORE CORPORATION",,CCMC PDF,2025-09-12T09:59:18.574740
7,"Thiru.K.Govindaraj I8/22, Highway Colony, Trichy Road, Coimbatore -18 98426 46059",,"Thiru.K.Govindaraj I8/22, Highway Colony, Trichy Road, Coimbatore -18 98426 46059",,CCMC PDF,2025-09-12T09:59:18.589399
8,"M/s.K.P.Construction I40/1, Kathiravan Garden, Thanalakshmi puram, Trichy road, Coimbatore-5 0422-2317468,",,"M/s.K.P.Construction I40/1, Kathiravan Garden, Thanalakshmi puram, Trichy road, Coimbatore-5 0422-2317468",,CCMC PDF,2025-09-12T09:59:18.589438
9,"M/s.KCP Engineers Pvt Ltd I117-B, Periyar Nagar, Puliyakulam, Coimbatore -45 9894571309,",,"M/s.KCP Engineers Pvt Ltd I117-B, Periyar Nagar, Puliyakulam, Coimbatore -45",9894571309,CCMC PDF,2025-09-12T09:59:18.589487
10,"M/s.P.S.K. Assoicate INo.42, Malaviya Street, Ram Nagar Coimbatore - 641 009. 0422-4379484",,"M/s.P.S.K. Assoicate INo.42, Malaviya Street, Ram Nagar Coimbatore - 641 009. 0422-4379484",,CCMC PDF,2025-09-12T09:59:18.589507
98431,98884,,98884,,CCMC PDF,2025-09-12T09:59:18.589516
11,"Tmt.M.Sarojini INo.4/61E, Kurumbapalayam Road, Madukkarai, Coimbatore - 641 105. 93600 04356",,"Tmt.M.Sarojini INo.4/61E, Kurumbapalayam Road, Madukkarai, Coimbatore - 641 105. 93600 04356",,CCMC PDF,2025-09-12T09:59:18.589532
12,"M/s.JBS Constructions INo.4/61D, Kurumbapalayam Road, Madukkarai, Coimbatore - 641 105. 8098001512,",,"M/s.JBS Constructions INo.4/61D, Kurumbapalayam Road, Madukkarai, Coimbatore - 641 105.",8098001512,CCMC PDF,2025-09-12T09:59:18.589549
13,"Thiru.A.Venkatachalam I11/7, Kangayampalayam Sulur, Coimbatore -641 140 9842288677",,"Thiru.A.Venkatachalam I11/7, Kangayampalayam Sulur, Coimbatore -641 140",9842288677,CCMC PDF,2025-09-12T09:59:18.589566
14,"Thiru.K.Ravikumar I15/156, Palakkad Main Road, Marapalam Madukkarai ( Post ), Coimbatore - 641 105 9443022529,",,"Thiru.K.Ravikumar I15/156, Palakkad Main Road, Marapalam Madukkarai ( Post ), Coimbatore - 641 105",9443022529,CCMC PDF,2025-09-12T09:59:18.604011
15,"Thiru.K.Natarajan I66/122A-1, Kandhasamy Gounder Street, Nalvar Layout , Rathinapuri, Coimbatore - 27 98430 17242,",,"Thiru.K.Natarajan I66/122A-1, Kandhasamy Gounder Street, Nalvar Layout , Rathinapuri, Coimbatore - 27 98430 17242",,CCMC PDF,2025-09-12T09:59:18.604046
16,"Thiru.S.Muthuraja I13-A Meena Estate 5th Street, Sowripalayam Road, Coimbatore -28. 98422 31731",,"Thiru.S.Muthuraja I13-A Meena Estate 5th Street, Sowripalayam Road, Coimbatore -28. 98422 31731",,CCMC PDF,2025-09-12T09:59:18.604065
17,"M/s.Ananda Electrical Wiring Contractor I219-1 DP Road, RS Puram, Coimbatore -2 0422-2470605,",,"M/s.Ananda Electrical Wiring Contractor I219-1 DP Road, RS Puram, Coimbatore -2 0422-2470605",,CCMC PDF,2025-09-12T09:59:18.604082
98651,"06523,",,06523,,CCMC PDF,2025-09-12T09:59:18.604090
99765,74142,,74142,,CCMC PDF,2025-09-12T09:59:18.604098
18,"Thiru.C.K.Sundaram I31- Vinayagar Kovil Street, Chinnavedampatty (Post) Coimbatore -49 9842266270,",,"Thiru.C.K.Sundaram I31- Vinayagar Kovil Street, Chinnavedampatty (Post) Coimbatore -49",9842266270,CCMC PDF,2025-09-12T09:59:18.604114
19,"Thiru.K.Marappan I9/7, A Vinayagar Koils Street, Sugunapuram (Post) Coimbatore -641 008. 98422 82213,",,"Thiru.K.Marappan I9/7, A Vinayagar Koils Street, Sugunapuram (Post) Coimbatore -641 008. 98422 82213",,CCMC PDF,2025-09-12T09:59:18.604132
20,"M/s.Sapthagiri Borewells INo.9, Dr. Rajendra Prasad Road, Tatabad,Coimbatore -12 98422 44047",,"M/s.Sapthagiri Borewells INo.9, Dr. Rajendra Prasad Road, Tatabad,Coimbatore -12 98422 44047",,CCMC PDF,2025-09-12T09:59:18.621729
21,"Thiru.S.Rathinavelusamy I273, Iyyappan Koil Street, Madukkarai, Coimbatore - 641 105 93632 64044",,"Thiru.S.Rathinavelusamy I273, Iyyappan Koil Street, Madukkarai, Coimbatore - 641 105 93632 64044",,CCMC PDF,2025-09-12T09:59:18.621782
22,"Thiru.N.Thangavelu I153A , Maramalai Adikal Street, Mangalam road, Palladam - 641 664. 9842162639",,"Thiru.N.Thangavelu I153A , Maramalai Adikal Street, Mangalam road, Palladam - 641 664.",9842162639,CCMC PDF,2025-09-12T09:59:18.621806
23,"M/s.Sabari Electricals INo.5, Kathiresan Street, Gnamoorthy Nagar, Ambathur Chennai - 600 053. 044-26860021,",,"M/s.Sabari Electricals INo.5, Kathiresan Street, Gnamoorthy Nagar, Ambathur Chennai - 600 053. 044-26860021",,CCMC PDF,2025-09-12T09:59:18.621828
24,"Thiru.J.Robert Raja INo.24/40, Park Town 9th Street Ramanathapuram, Coimbatore - 641 045. 98428 30770",,"Thiru.J.Robert Raja INo.24/40, Park Town 9th Street Ramanathapuram, Coimbatore - 641 045. 98428 30770",,CCMC PDF,2025-09-12T09:59:18.621850
25,"Thiru.C.Anandakumar INo.15/16, Kamachi Nagar, Rathinapurai (Post) Sanganoor Coimbatore - 641 027 98659 03674",,"Thiru.C.Anandakumar INo.15/16, Kamachi Nagar, Rathinapurai (Post) Sanganoor Coimbatore - 641 027 98659 03674",,CCMC PDF,2025-09-12T09:59:18.621881
95008,68643,,68643,,CCMC PDF,2025-09-12T09:59:18.621891
26,"M/s.Jeyam Constructions I11/243, Kurumbapalayam Road, Madukkarai Market, Madukkrai, Coimbatore - 641 105. 9842265354 ,",,"M/s.Jeyam Constructions I11/243, Kurumbapalayam Road, Madukkarai Market, Madukkrai, Coimbatore - 641 105.",9842265354,CCMC PDF,2025-09-12T09:59:18.621910
27,Thiru.,V,".Rajagopal IT-21, Kovaipudur, Coimbatore - 641 042",9842230021,CCMC PDF,2025-09-12T09:59:18.637283
28,"M/s.Malliayan Builders I15/157A, Palakkad Main Road, Marappalam Madukkarai Post Coimbatore - 641 105. 9360033961,",,"M/s.Malliayan Builders I15/157A, Palakkad Main Road, Marappalam Madukkarai Post Coimbatore - 641 105.",9360033961,CCMC PDF,2025-09-12T09:59:18.637372
29,"M/s.Vishnu Infrastructures I2/50, Kangayampalayam Sulur , Coimbatore - 641 401. 9043013315",,"M/s.Vishnu Infrastructures I2/50, Kangayampalayam Sulur , Coimbatore - 641 401.",9043013315,CCMC PDF,2025-09-12T09:59:18.637397
30,"M/s.R & N Electricals I114-A,, Rajaji  Road, Ramnagar, Coimbatore -641 009. 0422-2235658,",,"M/s.R & N Electricals I114-A,, Rajaji Road, Ramnagar, Coimbatore -641 009. 0422-2235658",,CCMC PDF,2025-09-12T09:59:18.637416
98422,65770,,65770,,CCMC PDF,2025-09-12T09:59:18.637427
31,Thiru.,V,".P.Manoharan I155- Balaji Nagar, IOB Colony Coimbatore - 641 046. 70103 28277",,CCMC PDF,2025-09-12T09:59:18.637446
32,"M/s.Vishvanathan Constructions  Pvt Ltd I66-F, Lokamanya Street, RS Puram, Coimbatore - 641 002. 0422-2552255,",,"M/s.Vishvanathan Constructions Pvt Ltd I66-F, Lokamanya Street, RS Puram, Coimbatore - 641 002. 0422-2552255",,CCMC PDF,2025-09-12T09:59:18.637467
97877,47907,,47907,,CCMC PDF,2025-09-12T09:59:18.637476
33,"M/s.N.P.K. Associates I86, KS Ramasamy Street, KK Pudur, Saibaba Colony, Coimbatore - 641 038 0422-2443510,",,"M/s.N.P.K. Associates I86, KS Ramasamy Street, KK Pudur, Saibaba Colony, Coimbatore - 641 038 0422-2443510",,CCMC PDF,2025-09-12T09:59:18.637496
92444,12231,,12231,,CCMC PDF,2025-09-12T09:59:18.637505
34,"M/s.Sri Saravana Associates I122-B Chellappa Gounder Layout Rathinapuri, Coimbatore -27 99655 28121 ,",,"M/s.Sri Saravana Associates I122-B Chellappa Gounder Layout Rathinapuri, Coimbatore -27 99655 28121",,CCMC PDF,2025-09-12T09:59:18.654873
35,"Thiru.K.Ramasamy I62-C Vasantha Mill Road, Singanallur Coimbatore - 641 005. 93621 03395,",,"Thiru.K.Ramasamy I62-C Vasantha Mill Road, Singanallur Coimbatore - 641 005. 93621 03395",,CCMC PDF,2025-09-12T09:59:18.654935
88701,08925,,08925,,CCMC PDF,2025-09-12T09:59:18.654948
36,"M/s.M.Saravana Constructions I15/175A, Pallakad Main Road, Madukkarai (Post), Coimbatore - 641 105. 93666 60041 ,",,"M/s.M.Saravana Constructions I15/175A, Pallakad Main Road, Madukkarai (Post), Coimbatore - 641 105. 93666 60041",,CCMC PDF,2025-09-12T09:59:18.654969
37,"M/s.N.M.S Engineers INo-133, Kaveri Nagar, SIS Colony, Airotrome Post, Coimbatore - 641 014. 0422-4272776,",,"M/s.N.M.S Engineers INo-133, Kaveri Nagar, SIS Colony, Airotrome Post, Coimbatore - 641 014. 0422-4272776",,CCMC PDF,2025-09-12T09:59:18.654988
96296,65533,,65533,,CCMC PDF,2025-09-12T09:59:18.654998
38,"M/s. Abbi Associates I1, Sri Gokulam Complex , Madukkarai, Palakkad Main Road, Coimbatore - 641 105 0422-2622314,",,"M/s. Abbi Associates I1, Sri Gokulam Complex , Madukkarai, Palakkad Main Road, Coimbatore - 641 105 0422-2622314",,CCMC PDF,2025-09-12T09:59:18.655019
98652,32114,,32114,,CCMC PDF,2025-09-12T09:59:18.655028
39,"M/s.River Green Landscape I137-West Sambatham Road, RS Puram Coimbatore -641 002. 9894339999,",,"M/s.River Green Landscape I137-West Sambatham Road, RS Puram Coimbatore -641 002.",9894339999,CCMC PDF,2025-09-12T09:59:18.655097
40,"M/s.P.Senthil & Co., I589/110, Pallakkad Main Road, Sugunapuram (Post) Coimbatore- 641 008. 9360122728",,"M/s.P.Senthil & Co., I589/110, Pallakkad Main Road, Sugunapuram (Post) Coimbatore- 641 008.",9360122728,CCMC PDF,2025-09-12T09:59:18.655125
41,"M/s.Subbaiya Constructions & Company Ltd INo.21, Old No. 26 Sowthirapandiyan Street, Ashok Natgar, 94450 08553,",,"M/s.Subbaiya Constructions & Company Ltd INo.21, Old No. 26 Sowthirapandiyan Street, Ashok Natgar, 94450 08553",,CCMC PDF,2025-09-12T09:59:18.670437
42,Thiru.K.,V,".Ksenthilnathan I No.13, 8th Street, Gandhipuram Coimbatore - 641 012. 99439 27777",,CCMC PDF,2025-09-12T09:59:18.670513
43,"M/s.S.R.A & Co., I12/4- C, Arima Nagar, Kalangal Road, Sulur, Coimbatore - 641 402. 99425 99259",,"M/s.S.R.A & Co., I12/4- C, Arima Nagar, Kalangal Road, Sulur, Coimbatore - 641 402. 99425 99259",,CCMC PDF,2025-09-12T09:59:18.670538
44,"Thiru.R.Dhanapal INo.6, Anandha Nagar, Opp. Arivu Thirukovil PN Pudur Coimbatore - 641 041. 98947 74111",,"Thiru.R.Dhanapal INo.6, Anandha Nagar, Opp. Arivu Thirukovil PN Pudur Coimbatore - 641 041. 98947 74111",,CCMC PDF,2025-09-12T09:59:18.670557
45,"Thiru.N.Guruvayurappan I22, Part, Arunachalam lay out Navavur, Coimbatore - 641 046. 94433 01377",,"Thiru.N.Guruvayurappan I22, Part, Arunachalam lay out Navavur, Coimbatore - 641 046. 94433 01377",,CCMC PDF,2025-09-12T09:59:18.670573
46,"R.Sundaraj & Company I25/1, Maraboyar Street, Sundarapuram Post, Coimbatore - 641 024 94866 84999",,"R.Sundaraj & Company I25/1, Maraboyar Street, Sundarapuram Post, Coimbatore - 641 024 94866 84999",,CCMC PDF,2025-09-12T09:59:18.670609
47,"Thiru.R.Rajan I23/1, Krishna Nagar, Sugunapuram East, Kuniyamuthur, Coimbatore - 641 008. 98706 32348",,"Thiru.R.Rajan I23/1, Krishna Nagar, Sugunapuram East, Kuniyamuthur, Coimbatore - 641 008. 98706 32348",,CCMC PDF,2025-09-12T09:59:18.670640
48,"M/s.Kaadiswari & Co I7/94 A, Sengadu Thottam Kangayampalayam Coimbatore-641 401. 98422 40677",,"M/s.Kaadiswari & Co I7/94 A, Sengadu Thottam Kangayampalayam Coimbatore-641 401. 98422 40677",,CCMC PDF,2025-09-12T09:59:18.687486
49,M/s.Classic Engineering Enterprises,I,,,CCMC PDF,2025-09-12T09:59:18.687515
94737,51103,,51103,,CCMC PDF,2025-09-12T09:59:18.687528
50,"M/s. K.S.R & Company INo.2/16, Kangayampalayam , Sulur Viz Coimbatore- 641 401. 9843187624,",,"M/s. K.S.R & Company INo.2/16, Kangayampalayam , Sulur Viz Coimbatore- 641 401.",9843187624,CCMC PDF,2025-09-12T09:59:18.687549
51,"M/s.S.S.Engineers INo.3/6, Kamathenu Nagar, Vadavalli , Bharathiyar University  Post, Coimbatore - 641 041. 98945 74354 ,",,"M/s.S.S.Engineers INo.3/6, Kamathenu Nagar, Vadavalli , Bharathiyar University Post, Coimbatore - 641 041. 98945 74354",,CCMC PDF,2025-09-12T09:59:18.687569
52,"M/s.Sri Vignesh Associate I4/61 A, Edayarpalayam Main Road, Kuniyamuthur Coimbatore- 641 008. 98428 20390",,"M/s.Sri Vignesh Associate I4/61 A, Edayarpalayam Main Road, Kuniyamuthur Coimbatore- 641 008. 98428 20390",,CCMC PDF,2025-09-12T09:59:18.687587
53,"M/s.Sri Mehavarnna Constructions I2 A, East MGR Nagar, Krishna Colony, Singanallur, Coimbatore - 641 005. 99949 38175,",,"M/s.Sri Mehavarnna Constructions I2 A, East MGR Nagar, Krishna Colony, Singanallur, Coimbatore - 641 005. 99949 38175",,CCMC PDF,2025-09-12T09:59:18.687607
97505,97579,,97579,,CCMC PDF,2025-09-12T09:59:18.687614
54,"M/s.J.S. Associates Development India P Ltd INo.3, Subadharsan Park, Veerampalayam, Coimbatore - 641 048. 99525 16645",,"M/s.J.S. Associates Development India P Ltd INo.3, Subadharsan Park, Veerampalayam, Coimbatore - 641 048. 99525 16645",,CCMC PDF,2025-09-12T09:59:18.687632
55,"M/s. C.R. Constructions I40/7,40/8, Veeramathiamman Kovil Street, PNPudur Road, Coimbatore - 641 041. 96776 87878",,"M/s. C.R. Constructions I40/7,40/8, Veeramathiamman Kovil Street, PNPudur Road, Coimbatore - 641 041. 96776 87878",,CCMC PDF,2025-09-12T09:59:18.703066
56,"M/s.Sevvel & Co I30-Saratha Nagar, PK Pudur, Kuniayamuthur Coimbatore - 641 008. 98946 88880",,"M/s.Sevvel & Co I30-Saratha Nagar, PK Pudur, Kuniayamuthur Coimbatore - 641 008. 98946 88880",,CCMC PDF,2025-09-12T09:59:18.703131
57,"M/s.C.R.P Constructions I4, Ramasamy Layout, Ganeshapuram, Ramanathapuram Coimbatore - 641 045. 94421 22342, 98948 12234,",,"M/s.C.R.P Constructions I4, Ramasamy Layout, Ganeshapuram, Ramanathapuram Coimbatore - 641 045. 94421 22342, 98948 12234",,CCMC PDF,2025-09-12T09:59:18.703152
96006,58887,,58887,,CCMC PDF,2025-09-12T09:59:18.703163
58,"M/s.S.P.Builders INo.5/200, Sivam Koil Street, Mogappair West, Chennai - 600 037. 98410 62585",,"M/s.S.P.Builders INo.5/200, Sivam Koil Street, Mogappair West, Chennai - 600 037. 98410 62585",,CCMC PDF,2025-09-12T09:59:18.703182
59,"M/s.Hosur Builders INo.15, G, Maranatha Colony, TVS Main Road, Hosur - 635 114. 99404 81666",,"M/s.Hosur Builders INo.15, G, Maranatha Colony, TVS Main Road, Hosur - 635 114. 99404 81666",,CCMC PDF,2025-09-12T09:59:18.703199
60,"M/s.Sri Balaji Constructions INp.9/28, Iswariya Illam, Vasantham Nagar, Kovaipudur, Coimbatore - 641 042 93666 60064,",,"M/s.Sri Balaji Constructions INp.9/28, Iswariya Illam, Vasantham Nagar, Kovaipudur, Coimbatore - 641 042 93666 60064",,CCMC PDF,2025-09-12T09:59:18.703218
97914,56338,,56338,,CCMC PDF,2025-09-12T09:59:18.703228
61,"M/s.Landra Soft Pvt Ltd INo.998, Avinashi Road, JNM Building, 2 &3 Floor, Coimbatore - 641 018. 95004 17788,",,"M/s.Landra Soft Pvt Ltd INo.998, Avinashi Road, JNM Building, 2 &3 Floor, Coimbatore - 641 018. 95004 17788",,CCMC PDF,2025-09-12T09:59:18.703248
94422,31363,,31363,,CCMC PDF,2025-09-12T09:59:18.703260
62,"M/s.Madras Infra I1901, Meenachi Way Bridge (Backside) Ahamed Layout, Dharapuram road, Udumalaipet, Thiruppur - 642 126. 96774 79333",,"M/s.Madras Infra I1901, Meenachi Way Bridge (Backside) Ahamed Layout, Dharapuram road, Udumalaipet, Thiruppur - 642 126. 96774 79333",,CCMC PDF,2025-09-12T09:59:18.718387
63,"M/s.Sri Bhuvana Constructions ( India ) Pvt Ltd INo.4, Sakthi Nagar Mettupalayam Road, GN Mills (Post,) Coimbatore - 641 029. 0422-4221165,",,"M/s.Sri Bhuvana Constructions ( India ) Pvt Ltd INo.4, Sakthi Nagar Mettupalayam Road, GN Mills (Post,) Coimbatore - 641 029. 0422-4221165",,CCMC PDF,2025-09-12T09:59:18.718422
70944,48118,,48118,,CCMC PDF,2025-09-12T09:59:18.718431
64,"M/s. Thirivikrama Builders Devlopers I32/15C, Themmaian  Street, Ramasamy Nagar, Kovundampalayam Coimbatore - 641 011.",,"M/s. Thirivikrama Builders Devlopers I32/15C, Themmaian Street, Ramasamy Nagar, Kovundampalayam Coimbatore - 641 011.",,CCMC PDF,2025-09-12T09:59:18.718449
65,M/s.M.S.Engineers and Builders,I,,,CCMC PDF,2025-09-12T09:59:18.718460
66,"M/s.AR.ES PE Infra Pvt Ltd I304, Spain Build Appartment, Ramdas Nagar, PN Pudur Coimbatore - 641 041. 96776 87878",,"M/s.AR.ES PE Infra Pvt Ltd I304, Spain Build Appartment, Ramdas Nagar, PN Pudur Coimbatore - 641 041. 96776 87878",,CCMC PDF,2025-09-12T09:59:18.718482
67,"M/s.Sri Murugan Constructions I3/176, Arul Jothi Nagar, Karanmapettai,Sulur Via Coimbatore - 641 401. 98429 67273",,"M/s.Sri Murugan Constructions I3/176, Arul Jothi Nagar, Karanmapettai,Sulur Via Coimbatore - 641 401. 98429 67273",,CCMC PDF,2025-09-12T09:59:18.718499
68,"M/s.Encon Engineers IIst Floor ICICI Bank Building, Maruthamalai Road, Vadavalli , Coimbatore - 641 041 90873 77777",,"M/s.Encon Engineers IIst Floor ICICI Bank Building, Maruthamalai Road, Vadavalli , Coimbatore - 641 041 90873 77777",,CCMC PDF,2025-09-12T09:59:18.734620
69,"M/s.Reliant Glopal Green Energy & Co., INo. 856, Abirami Illam, 11th Street, Cross Road, Gandhipuram Coimbatore - 641 012. 0422-2494006,",,"M/s.Reliant Glopal Green Energy & Co., INo. 856, Abirami Illam, 11th Street, Cross Road, Gandhipuram Coimbatore - 641 012. 0422-2494006",,CCMC PDF,2025-09-12T09:59:18.734657
99430,"69699,",,69699,,CCMC PDF,2025-09-12T09:59:18.734666
93600,85887,,85887,,CCMC PDF,2025-09-12T09:59:18.734673
70,Thiru.R.,V,".P Balamurugan INo. 1, RS Nagar,, Kovundampalayam Coimbatore - 641 030.",9842649394,CCMC PDF,2025-09-12T09:59:18.734691
71,"M/s.Sri Gomathiamman & Company INo. 9/7A, Vinayagar Kovil Street,, Sugunapuram Post Coimbatore - 641 008. 9943416669/",,"M/s.Sri Gomathiamman & Company INo. 9/7A, Vinayagar Kovil Street,, Sugunapuram Post Coimbatore - 641 008. /",9943416669,CCMC PDF,2025-09-12T09:59:18.734721
72,"M/s.Bannari Amman Constructions INo.6/1, Javarayan Thottam, Sugunapuram, Kuniyamuthur Post Coimbatore - 641 008. 83447 03899",,"M/s.Bannari Amman Constructions INo.6/1, Javarayan Thottam, Sugunapuram, Kuniyamuthur Post Coimbatore - 641 008. 83447 03899",,CCMC PDF,2025-09-12T09:59:18.734741
73,"M/s. MS Engineers 1No19,Idyaar Street, Coimbatore - 641 001. 83000 75335 94870 00000",,"M/s. MS Engineers 1No19,Idyaar Street, Coimbatore - 641 001. 83000 75335 94870 00000",,CCMC PDF,2025-09-12T09:59:18.734756
74,"M/s.JRR  associates 1No.3/276, Pattakaranur Post, Killiyur (via), Maruthur Coimbatore - 641 113 94860 30983",,"M/s.JRR associates 1No.3/276, Pattakaranur Post, Killiyur (via), Maruthur Coimbatore - 641 113 94860 30983",,CCMC PDF,2025-09-12T09:59:18.734785
75,M/s.,V,"V Constructions INo.2 Lakshmi Nagar, Edayarpalayam Main Road, Kuniyamuthur Coimbatore - 641 008. 96778 94488",,CCMC PDF,2025-09-12T09:59:18.749083
76,"M/s.Deivanai Constructions INo.12/1  Nehru Colony, Mahalingapuram Pollachi - 642 002. 63813 76933",,"M/s.Deivanai Constructions INo.12/1 Nehru Colony, Mahalingapuram Pollachi - 642 002. 63813 76933",,CCMC PDF,2025-09-12T09:59:18.749113
77,"M/s. Alagu Constructions INo.5B, Venkatapathy Nagar, Cheran Maa Nagar, Coimbatore - 641 035. 99655 68530",,"M/s. Alagu Constructions INo.5B, Venkatapathy Nagar, Cheran Maa Nagar, Coimbatore - 641 035. 99655 68530",,CCMC PDF,2025-09-12T09:59:18.749132
78,"M/s.EK Infrastructure Pvt Ltd INo.21,Ayyasamy Street West Thambaram Chennai - 641 045.",,"M/s.EK Infrastructure Pvt Ltd INo.21,Ayyasamy Street West Thambaram Chennai - 641 045.",,CCMC PDF,2025-09-12T09:59:18.749147
79,"M/s.Poomika Infra Developers INo.55/1, Meenakan Illam Gandhi Nagar, Sathyamangalam - 638 402.",,"M/s.Poomika Infra Developers INo.55/1, Meenakan Illam Gandhi Nagar, Sathyamangalam - 638 402.",,CCMC PDF,2025-09-12T09:59:18.749162
80,"M/s.Chitravarshini & Co INo.32/1 Balaji Layout, Manikarampalayam Ganapathy, Coimbatore - 641 006. 81225 51105",,"M/s.Chitravarshini & Co INo.32/1 Balaji Layout, Manikarampalayam Ganapathy, Coimbatore - 641 006. 81225 51105",,CCMC PDF,2025-09-12T09:59:18.749179
81,"M/s.Harsha Infra Cons Pvt Ltd INo.258/4A Z Block , 6th Street, Anna Nagar Chennai- 641 040.",,"M/s.Harsha Infra Cons Pvt Ltd INo.258/4A Z Block , 6th Street, Anna Nagar Chennai- 641 040.",,CCMC PDF,2025-09-12T09:59:18.749195
82,"M/s.Duvana Construction Pvt Ltd IF.3 Navaneetham Plots, Kambar Street, Verumbakkam, Chennai - 600 092.",,"M/s.Duvana Construction Pvt Ltd IF.3 Navaneetham Plots, Kambar Street, Verumbakkam, Chennai - 600 092.",,CCMC PDF,2025-09-12T09:59:18.763449
83,"M/s.KSR & Co INo.4/44, Karanampettai Post, Kangayampalayam Via, Coimbatore - 641 401 98422 55822,",,"M/s.KSR & Co INo.4/44, Karanampettai Post, Kangayampalayam Via, Coimbatore - 641 401 98422 55822",,CCMC PDF,2025-09-12T09:59:18.763497
94437,99661,,99661,,CCMC PDF,2025-09-12T09:59:18.763509
84,"Thiru.R.Selvaraj INo.13 E, Thillai Nagar, Sanganur Post Coimbatore - 641 027. 98422 61170",,"Thiru.R.Selvaraj INo.13 E, Thillai Nagar, Sanganur Post Coimbatore - 641 027. 98422 61170",,CCMC PDF,2025-09-12T09:59:18.763528
85,"Thiru.A.Raju INo.7/57, Kurumbapalayam Road, Madukkarai Coimbatore - 641 105.. 93631 23320,",,"Thiru.A.Raju INo.7/57, Kurumbapalayam Road, Madukkarai Coimbatore - 641 105.. 93631 23320",,CCMC PDF,2025-09-12T09:59:18.763546
98422,22320,,22320,,CCMC PDF,2025-09-12T09:59:18.763554
86,"Thiru.A.Vijayakumar INo.46, Muthiaya Udayar Street, Thelugupalayam Post Coimbatore - 641 039. 99432 18000",,"Thiru.A.Vijayakumar INo.46, Muthiaya Udayar Street, Thelugupalayam Post Coimbatore - 641 039. 99432 18000",,CCMC PDF,2025-09-12T09:59:18.763573
87,"Thiru.P.Elango INo.3/498, Sidhalakshmi Nagar, Kalampalayam Post Coimbatore - 641 010 94437 55591,",,"Thiru.P.Elango INo.3/498, Sidhalakshmi Nagar, Kalampalayam Post Coimbatore - 641 010 94437 55591",,CCMC PDF,2025-09-12T09:59:18.763590
88,"M/s.Pat Enterprises INo.237/D-11, Annai Mari Illam LIC Colony, SIDCO Post, Podhannur, Coimbatore- 641 021. 98941 13609,",,"M/s.Pat Enterprises INo.237/D-11, Annai Mari Illam LIC Colony, SIDCO Post, Podhannur, Coimbatore- 641 021. 98941 13609",,CCMC PDF,2025-09-12T09:59:18.763619
89,"Thiru. P.K.Shanmugam INo.9/43, Vignesh Bavanam , Sugunapuram West, Kuniayamuthur Post Coimbatore- 641 008. 0422-2622276,",,"Thiru. P.K.Shanmugam INo.9/43, Vignesh Bavanam , Sugunapuram West, Kuniayamuthur Post Coimbatore- 641 008. 0422-2622276",,CCMC PDF,2025-09-12T09:59:18.777040
94422,"22276,",,22276,,CCMC PDF,2025-09-12T09:59:18.777061
96004,22276,,22276,,CCMC PDF,2025-09-12T09:59:18.777071
90,Thiru.S.Raju INo.105 SMS Appartment Ukkadam to Selvapuram bypass Coimbatore- 641 001. 98651 65865,,Thiru.S.Raju INo.105 SMS Appartment Ukkadam to Selvapuram bypass Coimbatore- 641 001. 98651 65865,,CCMC PDF,2025-09-12T09:59:18.777089
91,"M/s.Brindhavan Agency INo.22, Gowthapuri Nagar VK Road, Peelamedu Coimbatore- 641 004. 98422 97974",,"M/s.Brindhavan Agency INo.22, Gowthapuri Nagar VK Road, Peelamedu Coimbatore- 641 004. 98422 97974",,CCMC PDF,2025-09-12T09:59:18.777105
92,"M/s.Intelet Technologies INo.82L, Ist Cross Street,  , Sri Ram Avenue,Vadavalli Coimbatore- 641 041. 0422 438810",,"M/s.Intelet Technologies INo.82L, Ist Cross Street, , Sri Ram Avenue,Vadavalli Coimbatore- 641 041. 0422 438810",,CCMC PDF,2025-09-12T09:59:18.777133
1,M/s.A.P.R Constructions,II,"93/95 Thangavel Compound, Edayarpalayam Main Road, Kuniyamuthur Post, Coimbatore 641 018 0422-2679475",,CCMC PDF,2025-09-12T09:59:18.777150
2,Tmt.K.Pangajam,II,"6A/23, Laxshmi Ammal Lay Out, Laxshmi Puram, Peelamedu, Coimbatore-4 II nd Class",9487859647,CCMC PDF,2025-09-12T09:59:18.777171
3,M/s.Swathi Builders,II,"580, TNHB/Singanallur, Coimbatore 641 005 93631 64094",,CCMC PDF,2025-09-12T09:59:18.790910
75984,67524,,67524,,CCMC PDF,2025-09-12T09:59:18.790931
4,Thiru.P.Vanamamalai,II,"12, Gokulam Colony, 4th Street Line I, P.N.Puthur, Coimbatorwe 641 041 984304 9031",,CCMC PDF,2025-09-12T09:59:18.790951
5,Thiru. K.Murugesan,II,"50, Krishnammal Nayakkar Lay Out, Varatharaja Puram Medu, Upplipalayam Post, Coimbatore 641 015 94433 59371",,CCMC PDF,2025-09-12T09:59:18.790970
6,Thiru.R.Thangavel,II,"46, RVL Nagar 2nd Street, Varatharaja Puram, Singanallur, Coimbatore 641 015 98945 15525",,CCMC PDF,2025-09-12T09:59:18.790986
95663,00000,,00000,,CCMC PDF,2025-09-12T09:59:18.790995
7,Thiru.T.Vijayakumar,II,"11/14, Girirajan Illam, Rajarathinam Nagar, Rangasamy Colony, Selvapuram, Coimbatore 641 026 97904 54402",,CCMC PDF,2025-09-12T09:59:18.791012
8,Thiru.P.Chinnappan,II,"9, Iyar Lay Out, Singanallur, Coimbatore 641 005 98422 41421",,CCMC PDF,2025-09-12T09:59:18.791026
9,M/s.Palaniandavar Enterprises,II,"1, Thandalran Street, Sanganoor, Coimbatore 641 027 98422 53295",,CCMC PDF,2025-09-12T09:59:18.791041
97894,59059,,59059,,CCMC PDF,2025-09-12T09:59:18.791049
10,Thiru. R.Selvaraj,II,"206 M.N.G Street , Coimbatore 641 001 98426 34298",,CCMC PDF,2025-09-12T09:59:18.803694
11,Thiru.K.Sundaram,II,"37-P Nethaji Nagar, Sanganoor Road, Rathinapuri Post, Coimbatore 641 027 93449 40928",,CCMC PDF,2025-09-12T09:59:18.803739
12,M/s.Sakthivel & Co,II,"9- Iyar Lay Out, Street No.5, Singanalloor, Coimbatore 641 005",,CCMC PDF,2025-09-12T09:59:18.803758
13,M/s.NSP Associates,II,"12, Mariyamman Kovil Street, Saravanampatti, Coimbatore 641 035 98434 95882",,CCMC PDF,2025-09-12T09:59:18.803774
81223,39041,,39041,,CCMC PDF,2025-09-12T09:59:18.803784
14,M/s.Thirumoorthy Constructions,II,"209, Nethaji Nagar Extendsion Cross, 3rd Street, Ramanathapuram, Coimbatore 641 045 94437 20070",,CCMC PDF,2025-09-12T09:59:18.803800
15,Thiru.M.Rajendran,II,"No.66, Sangaraliganar Street, Maniyakaram Palayam, Ganapathy, Coimbatore 641 006 86681 82605",,CCMC PDF,2025-09-12T09:59:18.803816
16,Thiru. M.Ramaraj,II,"4/107, Edayarpalyam Main Road, Kuniyamuthur, Coimbatore 641 008 93632 67234",,CCMC PDF,2025-09-12T09:59:18.803830
17,M/s.Sri  SPS Associates,II,"No.20, Senthil Illam, Visuvasa puram, Saravanampatti Post, Coimbatore 641 035 95781 77405",,CCMC PDF,2025-09-12T09:59:18.817610
98437,47993,,47993,,CCMC PDF,2025-09-12T09:59:18.817658
18,M/s. Mahesh Constructions,II,"5/16A, Papular Garden, Sindhamani puthur Post, Coimbatore 641 103 98422 27878",,CCMC PDF,2025-09-12T09:59:18.817676
98657,07604,,07604,,CCMC PDF,2025-09-12T09:59:18.817687
19,M/s.Maha Builders,II,"No.10, Sankar Lay Out, S.M.Palayam Road, G.N.Mill Post, Coimbatore 641 029 98430 12032",,CCMC PDF,2025-09-12T09:59:18.817705
20,M/s.Mani Enterprises,II,"26/59-A, Machhampalayam Road, Coimbatore 641 024 98420 60523",,CCMC PDF,2025-09-12T09:59:18.817721
21,M/s.Sri Sai M sand,II,,,CCMC PDF,2025-09-12T09:59:18.817732
98943,43658,,43658,,CCMC PDF,2025-09-12T09:59:18.817742
22,M/s.AK Construction,II,"196, Ist Floor, G.V. Residency, Sowripalayam Post,Coimbatore 028",9786486869,CCMC PDF,2025-09-12T09:59:18.817763
23,Thiru. M.Dhandapani,II,"3/11, R.G. Nagar, Sanganoor, Rathinapuri Post, Coimbatore 027 94430 30874",,CCMC PDF,2025-09-12T09:59:18.817778
24,M/s. ESS PEE Engineers,II,"8/16, Kuttaikadu Nagar, Annai Indhra Nagar West, Coimbatore 038 98422 44966",,CCMC PDF,2025-09-12T09:59:18.831553
25,Thiru. R.Pushparaj,II,"307, K.K Puthur, Periya Kannappan 3rd Street, Coimbatore 038",,CCMC PDF,2025-09-12T09:59:18.831578
26,Sri Sowparnika Associates,II,"B-8 Jothi Nagar D Colony, Sanguttavan Street, Pollachi 642 001 95781 77326",,CCMC PDF,2025-09-12T09:59:18.831594
94894,57326,,57326,,CCMC PDF,2025-09-12T09:59:18.831603
27,M/s.R.R.Enterprises,II,"No.50, Chinnasamy Street, K.K.Puthur, Coimbatore 038 98430 88405",,CCMC PDF,2025-09-12T09:59:18.831617
28,Tmt. S.Manimekalai,II,"10,New Chirrampalam Lay Out, Pappanayakkan Palayam, Coimbatore 037 98424 24533",,CCMC PDF,2025-09-12T09:59:18.831631
94420,55055,,55055,,CCMC PDF,2025-09-12T09:59:18.831639
29,M/s.Kaardeep Engineering,II,"2/22, Malar Avenue, Cherran Ma Nagar, Vilankuruchi, Coimbatore 035 84282 77669",,CCMC PDF,2025-09-12T09:59:18.831653
30,M/s.Divya Builders,II,"16, BakkiyaJothi Illam, Alamelu Mangapuram, Ganapathy, Coimbatore 06 99441 51577",,CCMC PDF,2025-09-12T09:59:18.831667
31,M/s.Lakshmi Bule Metals,II,"No.171/2, Arasampalayam post, Kinathukadavu, Coimbatore-642109",,CCMC PDF,2025-09-12T09:59:18.843686
1,Thiru. R.Umapathy,III,"28 Indira Nagar, Nehru Nagar, Kalappatti , Coimbatore -48. 85262 55500",,CCMC PDF,2025-09-12T09:59:18.843726
3,Tmt.,V,".Bakiyam III Site No.530, Trichy road, Singanallur, Coimbatore -641005. 0422-2598709",,CCMC PDF,2025-09-12T09:59:18.843749
94864,"38709,",,38709,,CCMC PDF,2025-09-12T09:59:18.843761
98431,22479,,22479,,CCMC PDF,2025-09-12T09:59:18.843773
4,M/s.Pooja Engineering,III,"No.158 A, 2/9, Dr.Rajarathinam Street, Kattur, Coimbatore - 641 009. 94433 15199",,CCMC PDF,2025-09-12T09:59:18.843793
5,Thiru. T.Sathish,III,"No.135, Devanga Higher Sec School Road, RS Puram, Coimbatore - 641 002. 90922 44034 III rd Class",,CCMC PDF,2025-09-12T09:59:18.843817
6,M/s.Amman builders,III,"No.14, Arunachalam Nagar, Navayur, Coimbatore - 641 046. 98432 87799",,CCMC PDF,2025-09-12T09:59:18.857213
7,Thiru.B.Kangaraj,III,"No.9/19-1 Vinayagar Kovil Street, Sugunapuram West, Kuniayamuthur Post, Coimbatore - 641 008. 94437 04876",,CCMC PDF,2025-09-12T09:59:18.857243
73392,"94676,",,94676,,CCMC PDF,2025-09-12T09:59:18.857254
8,M/s.Swot  Aquvatech,III,"No.Dr. Rajendra Road, Near Railway Station Udumalaipet,Thiruppur - 642 126. 94881 69369",,CCMC PDF,2025-09-12T09:59:18.857272
9,Thiru.C.Gopal,III,"No.11, Amman Nagar, Thodamuthur road, Vadavalli, Coimbatore - 641 041.",9087997777,CCMC PDF,2025-09-12T09:59:18.857290
10,M/s.Jayalakshmi Builders,III,"No.4/107, Edayarpalayam Post road, Kuniyamuthur, Coimbatore - 641 008.",9443367694,CCMC PDF,2025-09-12T09:59:18.857307
11,M/s.Arun Constructions,III,"No.28, Singanallur Sociaty Pothottam Nagar, Saravanampatty, Coimbatore - 641 035.",9600966512,CCMC PDF,2025-09-12T09:59:18.857325
12,Tmt.,V,".Shanthi III No.9/6-2, Ittary Lane, Sugunapuram West, Coimbatore - 641 008. 97892 20302",,CCMC PDF,2025-09-12T09:59:18.857341
13,Thiru. K.Nandthagopal,III,"No.12 E/37- Muthu Nagar, Masakkalai palayam Coimbatore -641015. 99946 80350",,CCMC PDF,2025-09-12T09:59:18.872296
14,Thiru.P.M.Marimuthu,III,"No.15/184, Ganga Aveune, Palapalayam, Eckkoor Post, Erode - 635 082",9842685526,CCMC PDF,2025-09-12T09:59:18.872327
15,Thiru. K.Duraisamy,III,"No.36/12 P, GK Square, Kurichi , Sundarapuram Coimbatore - 641 024",9842972237,CCMC PDF,2025-09-12T09:59:18.872344
16,Tmt. A.Manimekalai,III,"No.119, Bharathi Road, Thelugu palayam Road, Selvapuram, Coimbatore - 641 026. 93632 01066, 90922 81964",,CCMC PDF,2025-09-12T09:59:18.872364
17,Thiru. K.Selvaraj,III,"Balaji Nagar Extension Bharathithasan Nagar, Ramanathapuram Coimbatore - 641 045.",9629092686,CCMC PDF,2025-09-12T09:59:18.872381
18,M/s.Adhav Builders,III,No. 30 Sri Murugan Nagar Villankurichi Coimbatore - 641 048 90477 76866,,CCMC PDF,2025-09-12T09:59:18.872398
19,M/s.Sri Guruvayurappan & Co,III,,,CCMC PDF,2025-09-12T09:59:18.872407
90803,83939,,83939,,CCMC PDF,2025-09-12T09:59:18.872418
20,M/s.Om Sakthi Constructions,III,"No.144-146, Ramalinga Layout, Olymbus, Ramanathapuram Coimbatore - 641 045.",9994360907,CCMC PDF,2025-09-12T09:59:18.885463
21,Thiru. A.Selvapandi,III,"70B, Anna Nagar, Rathinapuri Coimbatore - 641 027 99448 69005",,CCMC PDF,2025-09-12T09:59:18.885524
22,M/s.City Developers,III,"16-A, Cheran Building, Gobalapuram First Street, Coimbatore - 641 018. 0422-4392095",,CCMC PDF,2025-09-12T09:59:18.885546
98420,68205,,68205,,CCMC PDF,2025-09-12T09:59:18.885571
1,Thiru. N.Murugesan,IV,"166/3, Mashiammal Lay Out, Anna Nagar, Tatapath, Sinvanantha Colony, Coimbatore 012",9488889847,CCMC PDF,2025-09-12T09:59:18.885591
2,M/s.Sri Murugan Agencies,IV,"6/1, West Street 2, Mashakalipalayam, Upplipalayam Post, Coimbatore 015",9942295034,CCMC PDF,2025-09-12T09:59:18.885610
3,Tmt.S.Shanthi,IV,"86/1D Sakthi Nagar, Velayautham Servai LayOut, Potthanur, Coimbatore 23",9080143389,CCMC PDF,2025-09-12T09:59:18.885628
9092285825,,IV,th Class,,CCMC PDF,2025-09-12T09:59:18.885639
4,Thiru. T.L.Narayanasamy,IV,"144, Annaiaygkadu Road, Singanallorr, Coimbatore 05",9842229799,CCMC PDF,2025-09-12T09:59:18.899882
5,Thiru.R.Sundaraj,IV,"206, M.N.G Street, Coimbatore 01 94435 5 0716",,CCMC PDF,2025-09-12T09:59:18.899925
6,Thiru.C.Sangarappan,IV,"8/170A, Chithambaranar Street, Kurumbapalayam, Madukkarai Post, Coimbatore 105 0422-2622686",,CCMC PDF,2025-09-12T09:59:18.899944
94437,59676,,59676,,CCMC PDF,2025-09-12T09:59:18.899954
7,Thiru.G.Ashok kumar,IV,"14, Trichy Road, Kasthuri Mill Opposite, Ondipudur, Coimbatore 16 98422 90683",,CCMC PDF,2025-09-12T09:59:18.899970
8,M/s.Bello Foundations,IV,"73 A Krishnammal Street, Ist Cross, K.K. Pudhur, Saibaba Colony, Coimbatore 38 90470 29293",,CCMC PDF,2025-09-12T09:59:18.899986
9,Thiru. P.Balakrishnan,IV,"7/78-1, Kannan Thottam, Kurumbapalayam Road, Madukkarai, Coimbatore 105 97892 20525",,CCMC PDF,2025-09-12T09:59:18.900003
91504,00000,,00000,,CCMC PDF,2025-09-12T09:59:18.900012
10,M/s. Imayam Infrastructures,IV,"10, R.K. Veerappan Colony, Ramanatha Puram, Nanjundapuram Post, Coimbatore 36",9894281010,CCMC PDF,2025-09-12T09:59:18.900029
11,Thiru.R.Selvaraj (Ramraj),IV,"248, Viveganatha Road, Ram Nagar, Coimbatore 09",9629448020,CCMC PDF,2025-09-12T09:59:18.913373
12,M/s.Senthil & Co (Udamapalayam),IV,"24, Annamar Kovil Street, Udayampalayam, Coimbatore 028 98654 05772",,CCMC PDF,2025-09-12T09:59:18.913402
13,Thiru.L.Vasanthamani,IV,"1/6 A Marapoyar Street, Sundharapuram Post, Coimbatore 024 0422-2675599",,CCMC PDF,2025-09-12T09:59:18.913420
97519,16239,,16239,,CCMC PDF,2025-09-12T09:59:18.913429
14,Tmt.T.Rosi,IV,"1/40, Annai Mery Illam Colony, Aringar Anna Colony,Sidco Post, Coimbatore 21",9487813609,CCMC PDF,2025-09-12T09:59:18.913447
15,M/s.Palliparambil Constructions,IV,"11A, Anna Mery Illam Colony, Aringar Anna Colony,Sidco Post, Coimbatore 21",,CCMC PDF,2025-09-12T09:59:18.913463
16,M/s.Jaya Enterprises,IV,"256, Alagesan Road, Saibaba Colony, Coimbatore 11",9791667060,CCMC PDF,2025-09-12T09:59:18.913479
99945,77880,,77880,,CCMC PDF,2025-09-12T09:59:18.913489
17,M/s. R&K Associates,IV,"528,Ist Street Gabndhipuram, Coimbatore 12 98420 57579",,CCMC PDF,2025-09-12T09:59:18.913503
73730,57579,,57579,,CCMC PDF,2025-09-12T09:59:18.913511
18,Thiru.A.Radha krishnan,IV,"4/3, Beema 2nd Street, Upplipalayam, Coimbatore 15 94893 49998",,CCMC PDF,2025-09-12T09:59:18.926407
90929,22256,,22256,,CCMC PDF,2025-09-12T09:59:18.926435
19,Thiru. S.Vijayakumar,IV,"4/24-2, Anna Nagar, Chettiyar Thottam, Kurumbapalayam, Madukkarai Post, Coimbatore 105 0422-2622125",,CCMC PDF,2025-09-12T09:59:18.926456
97879,60674,,60674,,CCMC PDF,2025-09-12T09:59:18.926464
20,Thiru. R.Natarajan,IV,"62-C, Vasantha Mill Road, Singanallor, Coimbatore 05 93631 03395",,CCMC PDF,2025-09-12T09:59:18.926479
21,M/s. Sabari Construction,IV,"Door No.110, Nataraj Devar Colony, Ramanathapuram, Coimbatore 45 94438 17879",,CCMC PDF,2025-09-12T09:59:18.926494
99446,77167,,77167,,CCMC PDF,2025-09-12T09:59:18.926501
22,M/s.Sri Hari Enterprises,IV,"21, Subramaniya Uddayar Street, Telungu Palayam Post, Coimbatore 39 98422 02061",,CCMC PDF,2025-09-12T09:59:18.926516
23,Thiru.S.Sivaraj,IV,"37/P Nethaji Nagar, Sanganoor Road, Rathinapuri, Coimbatore 27",9894440957,CCMC PDF,2025-09-12T09:59:18.926532
24,Thiru.R.Manickam,IV,"28, Jayasimma Puram, Papanayakan palayam, Coimbatore 37 0422-2247885",,CCMC PDF,2025-09-12T09:59:18.926546
25,Thiru. G.Arul Kumaran,IV,"8A1, Periyasamy Lyout, Rathinapuri, Coimbatore 27 90801 01500",,CCMC PDF,2025-09-12T09:59:18.939166
26,M/s. S.,V,".Constructions IV 99, Stency Colony, Ondipudur, Coimbatore 16 98422 27878",,CCMC PDF,2025-09-12T09:59:18.939192
98422,28444,,28444,,CCMC PDF,2025-09-12T09:59:18.939201
27,M/s.SS Associates,IV,"55, Kallarai Street, Sowripalayam Post, Coimbatore 28",,CCMC PDF,2025-09-12T09:59:18.939215
94439,"33180,",,33180,,CCMC PDF,2025-09-12T09:59:18.939223
28,M/s.SM Builders,IV,"93/8, Balu Avenue base-2, Edayarpalayam Main Road, Kuniyamurthur Post, Coimbatore 08 94430 60256",,CCMC PDF,2025-09-12T09:59:18.939242
29,Thiru. A.M.Rajagopal,IV,"219/A5B, Gandhiji Road, Potthanur, Coimbatore 23.",9443720985,CCMC PDF,2025-09-12T09:59:18.939257
30,Tmt.S.Rajathi,IV,"13-E Thillai Nagar, Rathinapuri, Coimbatore 27",9842261170,CCMC PDF,2025-09-12T09:59:18.939270
31,Thiru.K.Dhandapani,IV,"125, Gandhi Nagar, Palaya Sungam, Trichy Road, Coimbatore 45",9443112532,CCMC PDF,2025-09-12T09:59:18.939284
32,Tmt.P.K.Nirmala,IV,"14, Thiruvalluvar Nagar, Ramanatha puaram, Coimbatore 45 94439 12270",,CCMC PDF,2025-09-12T09:59:18.952249
33,Thiru.D.Rajendren,IV,"479, Trichy Road, Singanallor, Coimbatore 05 94437 45129",,CCMC PDF,2025-09-12T09:59:18.952315
34,Tmt.K.Sumathi,IV,"1, Chithambaram Nagar, Saravanampatti, Coimbatore 35 98422 65651",,CCMC PDF,2025-09-12T09:59:18.952333
35,Tmt.U.Priya,IV,"7/2C, CPC garden, Kalikkanayakkan Palayam 07 98941 77756",,CCMC PDF,2025-09-12T09:59:18.952348
36,M/s.Sailazar Engineers,IV,"172 Jayaprakash Nagar, 2nd Street Ganapathy, Coimbatore 06 73055 50006",,CCMC PDF,2025-09-12T09:59:18.952364
37,Thiru.M.Perumal,IV,"1/50,N.G.R Nagar, Magalingapuram, Coimbatore 111",9791776776,CCMC PDF,2025-09-12T09:59:18.952383
38,M/s.Sri Varshan builders,IV,"Door no.272, Housing Unit, Kempatty Colony Street No.5, Coimbatore 01 99946 10110",,CCMC PDF,2025-09-12T09:59:18.952400
97877,10110,,10110,,CCMC PDF,2025-09-12T09:59:18.952409
39,M/s.Thangamman Contructions,IV,"16/1 Nehru Nagar, 2 nd Street Line, C.M.S School Back side, Ganapathy, Coimbator 06 98436 55307",,CCMC PDF,2025-09-12T09:59:18.967113
94861,92119,,92119,,CCMC PDF,2025-09-12T09:59:18.967155
40,Tmt.G.Thamariselvi,IV,"20, Okkiliyar Street, Aalandurai, Coimnbatore 101 99652 52072",,CCMC PDF,2025-09-12T09:59:18.967172
97897,91857,,91857,,CCMC PDF,2025-09-12T09:59:18.967181
41,M/s. Janani Associates,IV,"18/1, Sanmuga Nagar, Sungam Byepass Road, Coimbatore 045 0422-2310050/",,CCMC PDF,2025-09-12T09:59:18.967199
094421,23305,,23305,,CCMC PDF,2025-09-12T09:59:18.967209
42,M/s.KCM  &Co,IV,"83A, Kamarajar Street, Periyar Nagar, Avinashgi Lingam College Post, Coimbatore 043",9786631043,CCMC PDF,2025-09-12T09:59:18.967229
43,M/s.PSV Associates,IV,"18, Laxshmi Nagar, TVS Nagar, Edayar Palayam, Coimbatore 25 98422 40198",,CCMC PDF,2025-09-12T09:59:18.967244
44,M/s.Ganapathy Enterprises,IV,"34/29, Okkiliyar Street, Aalandurai, Coimbatore 101 99409 02339",,CCMC PDF,2025-09-12T09:59:18.967260
45,M/s.G.Associates,IV,"3/230, AS Nagar, Pattampudhur, Coimbatore-641016 98426 46059",,CCMC PDF,2025-09-12T09:59:18.967273
46,Thiru.S.Sudhakar,IV,"18/1, Sitco colony, Peelamedu, Coimbatore-641004 73737 46059",,CCMC PDF,2025-09-12T09:59:18.979750
47,Thiru.R.Senthil kumar,IV,"No.10, Thaneer panthal 6th cross,VK road,Peelamedu, Coimbatore-641004 98430 23617",,CCMC PDF,2025-09-12T09:59:18.979824
48,M/s.SSS Associate,IV,"31-33/20,Narendra dever street, Varadhajapuram, Uppilipalayam post, Coimbatore-641015 96779 64314",,CCMC PDF,2025-09-12T09:59:18.979849
93631,54314,,54314,,CCMC PDF,2025-09-12T09:59:18.979860
1,"M/s.Sri Hari Agency V150, Ashok Street, Udayampalayam, Coimbatore 28 99408 81494",,"M/s.Sri Hari Agency V150, Ashok Street, Udayampalayam, Coimbatore 28 99408 81494",,CCMC PDF,2025-09-12T09:59:18.979878
2,"Thiru. S.Venkatachalam V16/282, Iyyappan Kovil Street, Madukkarai, Coimbatore 105 97912 63867",,"Thiru. S.Venkatachalam V16/282, Iyyappan Kovil Street, Madukkarai, Coimbatore 105 97912 63867",,CCMC PDF,2025-09-12T09:59:18.979897
3,"Tmt.U.Alamelu Mangai V28, Indhra Nagar, Nehru Nagar West, Kallappati, Coimbatore 48 95973 08631",V,th Class,,CCMC PDF,2025-09-12T09:59:18.979913
4,"M/s. Alamu Associates V28, Indhra Nagar, Nehru Nagar West, Kallappati, Coimbatore 48 90475 80550",,"M/s. Alamu Associates V28, Indhra Nagar, Nehru Nagar West, Kallappati, Coimbatore 48 90475 80550",,CCMC PDF,2025-09-12T09:59:18.992662
5,"Thiru.Sikkadhar Rahim V38, Maruthakutty Kavundar Street, Rathinapuri, Coimbatore 27 94430 49859",,"Thiru.Sikkadhar Rahim V38, Maruthakutty Kavundar Street, Rathinapuri, Coimbatore 27 94430 49859",,CCMC PDF,2025-09-12T09:59:18.992689
6,"Tmt.K.Renguka devi V8, Marapoyar Street Line -1, Singanaloor, Coimbatore 05 99439 35566,",,"Tmt.K.Renguka devi V8, Marapoyar Street Line -1, Singanaloor, Coimbatore 05 99439 35566",,CCMC PDF,2025-09-12T09:59:18.992706
88258,45011,,45011,,CCMC PDF,2025-09-12T09:59:18.992714
7,"Thiru.P.Kalimuthu V21/10L, Muthusamy Udayar Street, Kuniyamuthur Post, Coimbatore 08 94868 33939",,"Thiru.P.Kalimuthu V21/10L, Muthusamy Udayar Street, Kuniyamuthur Post, Coimbatore 08 94868 33939",,CCMC PDF,2025-09-12T09:59:18.992730
8,"Thiru.K.Gurusamy V126, Karuppana Kavundar Layout, Peelamedu 04 99940 51402",,"Thiru.K.Gurusamy V126, Karuppana Kavundar Layout, Peelamedu 04 99940 51402",,CCMC PDF,2025-09-12T09:59:18.992743
9,"Thiru.M.Arumugam VDoor No.119, Subramaniya Udayar Street, TelunguPalayam, Coimbatore 39 95976 01491",,"Thiru.M.Arumugam VDoor No.119, Subramaniya Udayar Street, TelunguPalayam, Coimbatore 39 95976 01491",,CCMC PDF,2025-09-12T09:59:18.992758
10,Tmt.R.Durgadevi,V,,,CCMC PDF,2025-09-12T09:59:18.992769
11,Thiru.,V,".Shanmugam V7/1, Krishna Nagar",,CCMC PDF,2025-09-12T09:59:19.008973
12,M/s.Regina Engineering industries,V,,,CCMC PDF,2025-09-12T09:59:19.008994
13,Thiru.P.Pathiran,V,"5/84, Nallati Palayam",,CCMC PDF,2025-09-12T09:59:19.009009
96778,10721,,10721,,CCMC PDF,2025-09-12T09:59:19.009019
14,Thiru.,V,".Sivakumar V13-1,Arul nagar, Kannappa nagar, Rathinapuri post, Coimbatore-641027 98422 25860",,CCMC PDF,2025-09-12T09:59:19.009034
98422,25850,,25850,,CCMC PDF,2025-09-12T09:59:19.009042
15,"Thiru.PA Thomas V237, Annai Mary Illam,",,"Thiru.PA Thomas V237, Annai Mary Illam",,CCMC PDF,2025-09-12T09:59:19.009053
16,"Thiru.S.Vijayakumar Davison V6/43, Kannappa nagar, Rathinapuri post, Coimbatore-641027 98420 07759,",,"Thiru.S.Vijayakumar Davison V6/43, Kannappa nagar, Rathinapuri post, Coimbatore-641027 98420 07759",,CCMC PDF,2025-09-12T09:59:19.009069
63800,52001,,52001,,CCMC PDF,2025-09-12T09:59:19.009076
17,"M/s.Lakshmi Builders V170,  Subramaniya Udayar Street, Telungupalayam & (Post), Coimbatore - 641039 94426 44166,",,"M/s.Lakshmi Builders V170, Subramaniya Udayar Street, Telungupalayam & (Post), Coimbatore - 641039 94426 44166",,CCMC PDF,2025-09-12T09:59:19.009093
18,"Tmt.NT Kayalivihi V113/4, Krishnammal Street, K.K.Pudur, Saibaba Colony, Coimbatore - 641 038 97986 99510",,"Tmt.NT Kayalivihi V113/4, Krishnammal Street, K.K.Pudur, Saibaba Colony, Coimbatore - 641 038 97986 99510",,CCMC PDF,2025-09-12T09:59:19.022096
19,"Thiru.D.Balasubramanian VNo. 764, Vivekandhapuram Kovaipudur Pirivu, Kuniyamuthur, Coimbatore - 641 008. 96594 54097,",,"Thiru.D.Balasubramanian VNo. 764, Vivekandhapuram Kovaipudur Pirivu, Kuniyamuthur, Coimbatore - 641 008. 96594 54097",,CCMC PDF,2025-09-12T09:59:19.022125
90809,22966,,22966,,CCMC PDF,2025-09-12T09:59:19.022135
20,"Thiru.N.Velusamy V7/83, Kurumbapalayam Road, Madukkarai, Coimbatore 105 9944918495",,"Thiru.N.Velusamy V7/83, Kurumbapalayam Road, Madukkarai, Coimbatore 105",9944918495,CCMC PDF,2025-09-12T09:59:19.022151
21,"Thiru.C.Balasubramanian V26A, Manikandan Nagar, Edayarpalayam, Kuniyamuthur, Coimbatore 08 9566944324,",,"Thiru.C.Balasubramanian V26A, Manikandan Nagar, Edayarpalayam, Kuniyamuthur, Coimbatore 08",9566944324,CCMC PDF,2025-09-12T09:59:19.022167
22,Thiru.,V,".Shanmugam Sundram V4A Abirami Nagar, V.G.Rav Nagar, Ganapathy, Coimbatore 06 98435 19943",,CCMC PDF,2025-09-12T09:59:19.022184
23,"Thiru.P.Gnanasekar V249,CIG Gandhimanagar, Peelamedu, Coimbatore-641004 73735 44333",,"Thiru.P.Gnanasekar V249,CIG Gandhimanagar, Peelamedu, Coimbatore-641004 73735 44333",,CCMC PDF,2025-09-12T09:59:19.022197
24,Thiru.B.Shavas,V,,,CCMC PDF,2025-09-12T09:59:19.022206
87787,84571,,84571,,CCMC PDF,2025-09-12T09:59:19.022215
25,"Thiru.B.Raviendran V1/40D, Idayarpalayam main road, Masampalayam, Sundarapuram, Coimbatore-641024 99943 79903",,"Thiru.B.Raviendran V1/40D, Idayarpalayam main road, Masampalayam, Sundarapuram, Coimbatore-641024 99943 79903",,CCMC PDF,2025-09-12T09:59:19.036234
26,Tmt.,V,".Kamalaveni V23,Arul nagar, Rathinapuri, Coimbatore-641027. 97507 58234",,CCMC PDF,2025-09-12T09:59:19.036281
27,"M/s.Sri Sabhari Electrical Contractor V28/1, Pagavan , NSN Palayam, Coimbatore-641031 98943 44400,",,"M/s.Sri Sabhari Electrical Contractor V28/1, Pagavan , NSN Palayam, Coimbatore-641031 98943 44400",,CCMC PDF,2025-09-12T09:59:19.036307
95973,44400,,44400,,CCMC PDF,2025-09-12T09:59:19.036319
28,"M/s.Neela Blues shapes Decrator VNo.286,Kandhasamy layout, PN Palayam, Coimbatore-641037. 98422 61449",,"M/s.Neela Blues shapes Decrator VNo.286,Kandhasamy layout, PN Palayam, Coimbatore-641037. 98422 61449",,CCMC PDF,2025-09-12T09:59:19.036341
29,"Thiru.P.Grivel V187,Alannan street, KKPudhur, Coimbatore-641038 93631 19624,",,"Thiru.P.Grivel V187,Alannan street, KKPudhur, Coimbatore-641038 93631 19624",,CCMC PDF,2025-09-12T09:59:19.036359
89031,13933,,13933,,CCMC PDF,2025-09-12T09:59:19.036369
30,"M/s.Sri Annamalaiyar Associates V196,DRO Compound, Rackcourt road, Coimbatore-641018 94898 03027",,"M/s.Sri Annamalaiyar Associates V196,DRO Compound, Rackcourt road, Coimbatore-641018 94898 03027",,CCMC PDF,2025-09-12T09:59:19.036390
31,Thiru.M.P.Selvaraj,V,,,CCMC PDF,2025-09-12T09:59:19.036403
32,"Thiru.A.Sivanathan V89/6, Visalatchi Nagar,",,"Thiru.A.Sivanathan V89/6, Visalatchi Nagar",,CCMC PDF,2025-09-12T09:59:19.051862
93842,96196,,96196,,CCMC PDF,2025-09-12T09:59:19.051912
33,"Thiru.C.K.Kannappan V5A,Jai Srinithi bhavan, Muthukumar nagar, Rathinapuri, Coimbatore-641027 94437 18005,",,"Thiru.C.K.Kannappan V5A,Jai Srinithi bhavan, Muthukumar nagar, Rathinapuri, Coimbatore-641027 94437 18005",,CCMC PDF,2025-09-12T09:59:19.051934
34,"Thiru.C.Santhosh V12/17A,Shiva nagar, Thadagam road,Idaiyarpalayam, Coimbatore-641025 93444 40178",,"Thiru.C.Santhosh V12/17A,Shiva nagar, Thadagam road,Idaiyarpalayam, Coimbatore-641025 93444 40178",,CCMC PDF,2025-09-12T09:59:19.051956
35,"Thiru.R.Murugesan V8/29, RS nagar,Thadagam road,Goundamapalayam, Coimbatore-641030 94434 36045",,"Thiru.R.Murugesan V8/29, RS nagar,Thadagam road,Goundamapalayam, Coimbatore-641030 94434 36045",,CCMC PDF,2025-09-12T09:59:19.051973
36,"Thiru.K.Subramanian V7/1Chinnathottam 1st street, Neelikonampalayam, Coimbatore-641033.",,"Thiru.K.Subramanian V7/1Chinnathottam 1st street, Neelikonampalayam, Coimbatore-641033.",,CCMC PDF,2025-09-12T09:59:19.051989
37,"M/s. Ammu Engineering V18,Annani Abirami nagar, Ashok nagar, Chetti street, Coimbatore-641001. 95009 14709",,"M/s. Ammu Engineering V18,Annani Abirami nagar, Ashok nagar, Chetti street, Coimbatore-641001. 95009 14709",,CCMC PDF,2025-09-12T09:59:19.052009
38,M/s.,V,".R.Associates V102/7,Kaliannan street, KK Pudhur6th street, Saibaba colony, Coimbatore-641038 99524 36664",,CCMC PDF,2025-09-12T09:59:19.052029
39,"M/s. M square Enterprises V190,Vivekanandha road, Ram nagar, Coimbatore-641009 95003 39844 90035 00000",,"M/s. M square Enterprises V190,Vivekanandha road, Ram nagar, Coimbatore-641009 95003 39844 90035 00000",,CCMC PDF,2025-09-12T09:59:19.065686
40,"M/s.Lakshmi Associates VNo.15,New Golden nagar, Vadavalli, Coimbatore-641041 98432 87797",,"M/s.Lakshmi Associates VNo.15,New Golden nagar, Vadavalli, Coimbatore-641041 98432 87797",,CCMC PDF,2025-09-12T09:59:19.065711
41,"M/s.RPS Constructions V191/2,Salzar street, Samychettipalayam, Coimbatore-641047 99426 93693,",,"M/s.RPS Constructions V191/2,Salzar street, Samychettipalayam, Coimbatore-641047 99426 93693",,CCMC PDF,2025-09-12T09:59:19.065726
95006,81353,,81353,,CCMC PDF,2025-09-12T09:59:19.065734
42,"M/s.R.Archana & Co VNo.14,Arul nagar, Rathinapuri, Coimbatore-641027 90430 49800",,"M/s.R.Archana & Co VNo.14,Arul nagar, Rathinapuri, Coimbatore-641027 90430 49800",,CCMC PDF,2025-09-12T09:59:19.065748
43,"M/s. Zahid Trading Company V7/57,Kurumbapalayam road, Madukarai, Coimbatore-641008 98422 20498",,"M/s. Zahid Trading Company V7/57,Kurumbapalayam road, Madukarai, Coimbatore-641008 98422 20498",,CCMC PDF,2025-09-12T09:59:19.065762
44,"M/s. MM SS Construction V50/1,Krishnamayakkar layout,Varadarajapuram medu,Uppillipalayam, Coimbatore-641015 94875 59371",,"M/s. MM SS Construction V50/1,Krishnamayakkar layout,Varadarajapuram medu,Uppillipalayam, Coimbatore-641015 94875 59371",,CCMC PDF,2025-09-12T09:59:19.065777
45,"Thiru.S.RadhaKrishnan V9/13, Murugan nagar 3th street, Rathinapuri, Kannappa nagar main road, Coimbatore-641027 80566 51905",,"Thiru.S.RadhaKrishnan V9/13, Murugan nagar 3th street, Rathinapuri, Kannappa nagar main road, Coimbatore-641027 80566 51905",,CCMC PDF,2025-09-12T09:59:19.065794
46,"Thiru.M.Thirunavakarsu V25,RC Garden,Gandhi nagar, Udaiyapalayam, Chinnavedampatti, Coimbatore-641049 98432 82866,",,"Thiru.M.Thirunavakarsu V25,RC Garden,Gandhi nagar, Udaiyapalayam, Chinnavedampatti, Coimbatore-641049 98432 82866",,CCMC PDF,2025-09-12T09:59:19.079174
97157,53603,,53603,,CCMC PDF,2025-09-12T09:59:19.079238
47,"M/s.Amarnath Builders and Promotors V7/38,Kurumbapalayam road, Near Railway bridge, Madukarai, Coimbatore-641105 95005 40727",,"M/s.Amarnath Builders and Promotors V7/38,Kurumbapalayam road, Near Railway bridge, Madukarai, Coimbatore-641105 95005 40727",,CCMC PDF,2025-09-12T09:59:19.079263
48,"Thiru.A.Shanmugan V15/1A,Balu garden, PK Pudur, Coimbatore-641008 95668 90155",,"Thiru.A.Shanmugan V15/1A,Balu garden, PK Pudur, Coimbatore-641008 95668 90155",,CCMC PDF,2025-09-12T09:59:19.079313
49,"M/s.Kelnz In Corporation V26,Sakthi colony, Ramakrishnapuram, Ganapathy, Coimbatore-641006",,"M/s.Kelnz In Corporation V26,Sakthi colony, Ramakrishnapuram, Ganapathy, Coimbatore-641006",,CCMC PDF,2025-09-12T09:59:19.079368
50,"M/s.Sai Lakshmi Enterprises V119, A-Block,SMS lakeview Apartment,Ukkadam to Perur by pass road, Coimbatore-641001",,"M/s.Sai Lakshmi Enterprises V119, A-Block,SMS lakeview Apartment,Ukkadam to Perur by pass road, Coimbatore-641001",,CCMC PDF,2025-09-12T09:59:19.079403
51,"M/s.VSD Corp V25,Silver Star street, Pollachi, Coimbatore-642006 94444 04704",,"M/s.VSD Corp V25,Silver Star street, Pollachi, Coimbatore-642006 94444 04704",,CCMC PDF,2025-09-12T09:59:19.079419
52,"M/s.MJ Infrastructures VNo.92, 10th street, KK Pudur post, Saibaba colony, Coimbatore-641038 94430 45384,",,"M/s.MJ Infrastructures VNo.92, 10th street, KK Pudur post, Saibaba colony, Coimbatore-641038 94430 45384",,CCMC PDF,2025-09-12T09:59:19.079438
94873,45384,,45384,,CCMC PDF,2025-09-12T09:59:19.079450
53,"M/s.Geetha Constructions V91/43J,Vignesh Bhavanam, Sugunapuram(west), Coimbatore-641008 99432 15536",,"M/s.Geetha Constructions V91/43J,Vignesh Bhavanam, Sugunapuram(west), Coimbatore-641008 99432 15536",,CCMC PDF,2025-09-12T09:59:19.085189
54,"M/s.Gurukadasham Construction V3/42,Kamatchiamman kovil street, Mathuvarayapuram, Coimbatore-641101",,"M/s.Gurukadasham Construction V3/42,Kamatchiamman kovil street, Mathuvarayapuram, Coimbatore-641101",,CCMC PDF,2025-09-12T09:59:19.085236
